{"customer#c_acctbal": [0.10000866666666666, 0.099946, 0.10078066666666667, 0.09979533333333333, 0.10017533333333334, 0.09946733333333334, 0.09995466666666666, 0.09972666666666667, 0.099946, 0.10019933333333333], "customer#c_address": [0.1, 0.1, 0.1, 0.1, 0.1, 0.1, 0.1, 0.1, 0.1, 0.1], "customer#c_comment": [0.09997, 0.10003133333333333, 0.09997266666666667, 0.10001733333333333, 0.09999133333333333, 0.100008, 0.09999266666666666, 0.100024, 0.099976, 0.10001666666666667], "customer#c_custkey": [0.1, 0.1, 0.1, 0.1, 0.1, 0.1, 0.1, 0.1, 0.1, 0.1], "customer#c_mktsegment": [0, 0.200024, 0, 0.200184, 0, 0.199664, 0, 0.199834, 0, 0.200294], "customer#c_name": [0.1, 0.1, 0.1, 0.1, 0.1, 0.1, 0.1, 0.1, 0.1, 0.1], "customer#c_nationkey": [0.079838, 0.11984666666666667, 0.08052466666666666, 0.12040266666666667, 0.08010466666666667, 0.119428, 0.07975333333333333, 0.119934, 0.07986666666666667, 0.12030133333333333], "customer#c_phone": [0.10000133333333333, 0.1, 0.10000066666666667, 0.10000066666666667, 0.09999866666666667, 0.09999933333333333, 0.09999866666666667, 0.09999933333333333, 0.1, 0.10000133333333333], "lineitem#l_comment": [0.1027853108252565, 0.10151321510540484, 0.09767513954744013, 0.10020524437914334, 0.09831458819793641, 0.09812741135222568, 0.10183665696152165, 0.10124066841405065, 0.09830328557045227, 0.09999847964656851], "lineitem#l_commitdate": [0.08966837824232873, 0.10272521352130325, 0.10229759744815345, 0.10268858834050289, 0.10272342977330796, 0.10221122736998928, 0.10269615676657634, 0.10229297970801612, 0.10257809598804736, 0.09011833284177462], "lineitem#l_discount": [0.09087010760434776, 0.09090896663777773, 0.09089466331273144, 0.09094570851237217, 0.09089274620040005, 0.09096914729444104, 0.09088362741391949, 0.09090333199457767, 0.09093358902832946, 0.18179811200110318], "lineitem#l_extendedprice": [0.0921967493376627, 0.09858393414522429, 0.10109663493106698, 0.10303526893218444, 0.10417720106000641, 0.10514690981830242, 0.10653051479367237, 0.10404767094857317, 0.09831445483360032, 0.08687066119970689], "lineitem#l_linenumber": [0, 0.25005813017999584, 0.21431778840854537, 0, 0.17855739197505446, 0.1428610771050577, 0, 0.10711780131821311, 0.07140996710368604, 0.03567784390944748], "lineitem#l_linestatus": [0, 0, 0, 0, 0.5000872202758068, 0, 0, 0, 0, 0.49991277972419323], "lineitem#l_orderkey": [0.10004350678054291, 0.09996958959726171, 0.10000013003022769, 0.10002316871928828, 0.10007644777155862, 0.10002913677332857, 0.09994254997811824, 0.09991822765732274, 0.09998325944171155, 0.10001398325063966], "lineitem#l_partkey": [0.09997619113189846, 0.09994418369123542, 0.09993269768778916, 0.1000219350991794, 0.09999456206919569, 0.09998124230612809, 0.1000746140119373, 0.1000030640456218, 0.10001241621969054, 0.10005909373732413], "lineitem#l_quantity": [0.10001685058386572, 0.0999883272864832, 0.09988361961210583, 0.1000518253810069, 0.10003732200945646, 0.09998544328271512, 0.10001021570814496, 0.09997977529843104, 0.10004630743160094, 0.10000031340618983], "lineitem#l_receiptdate": [0.07493538664621568, 0.10641717177853278, 0.1060473858156226, 0.10643730979328328, 0.10605060323023092, 0.10637571214054894, 0.10598900557749658, 0.1064920725237927, 0.10588858223241629, 0.07536677026186021], "lineitem#l_returnflag": [0, 0, 0, 0.24679198757737883, 0, 0, 0.5063475755997411, 0, 0, 0.24686043682288009], "lineitem#l_shipdate": [0.079712030389998, 0.10519108675463423, 0.10477695714997214, 0.10520260609916451, 0.10520453988203791, 0.10472824582621307, 0.10514024160149762, 0.10482841911316318, 0.1050722591311727, 0.08014361405214665], "lineitem#l_shipinstruct": [0, 0, 0.24997879507056073, 0, 0.24996829262909318, 0, 0, 0.25006749902460657, 0, 0.2499854132757395], "lineitem#l_shipmode": [0, 0.1428025968436796, 0.14286254411275476, 0, 0.14285075803955227, 0.14289728552230777, 0, 0.142871212794601, 0.14288991714273844, 0.14282568554436623], "lineitem#l_suppkey": [0.09997714135279315, 0.09995696999695862, 0.1000333544204576, 0.0999801253798133, 0.09999182810030571, 0.09998594339897549, 0.10002120159533086, 0.09997755811634344, 0.10002025137443618, 0.10005562626458564], "lineitem#l_tax": [0, 0.11109759315382182, 0.11098149949925026, 0.11107045351142629, 0.1111568736012165, 0.1111440872954933, 0.11115220584945314, 0.11114053647004474, 0.11112313242418421, 0.11113361819510975], "nation#n_comment": [0.08, 0.12, 0.08, 0.12, 0.08, 0.12, 0.08, 0.12, 0.08, 0.12], "nation#n_name": [0.08, 0.12, 0.08, 0.12, 0.08, 0.12, 0.08, 0.12, 0.08, 0.12], "nation#n_nationkey": [0.08, 0.12, 0.08, 0.12, 0.08, 0.12, 0.08, 0.12, 0.08, 0.12], "nation#n_regionkey": [0, 0.2, 0, 0.2, 0, 0.2, 0, 0.2, 0, 0.2], "orders#o_clerk": [0.09993546666666667, 0.10012666666666667, 0.0999942, 0.1000112, 0.10005206666666666, 0.0999188, 0.10004033333333333, 0.10001613333333334, 0.09999946666666666, 0.09990566666666667], "orders#o_comment": [0.10059413333333334, 0.1003454, 0.09942153333333334, 0.1003136, 0.09964893333333333, 0.099634, 0.10027426666666667, 0.100265, 0.09963586666666667, 0.09986726666666666], "orders#o_custkey": [0.10002086666666667, 0.10019333333333333, 0.1000056, 0.0999874, 0.1000296, 0.0999342, 0.09998353333333333, 0.10002266666666666, 0.099974, 0.0998488], "orders#o_orderdate": [0.099695, 0.10025933333333334, 0.0997502, 0.1001564, 0.10023733333333333, 0.099685, 0.10020953333333334, 0.09976426666666667, 0.10016706666666667, 0.10007586666666667], "orders#o_orderkey": [0.1, 0.1, 0.1, 0.1, 0.1, 0.1, 0.1, 0.1, 0.1, 0.1], "orders#o_orderpriority": [0, 0.2002062, 0, 0.20000406666666667, 0, 0.19992933333333332, 0, 0.20001733333333332, 0, 0.19984306666666668], "orders#o_orderstatus": [0, 0, 0, 0.48727893333333333, 0, 0, 0.4871642666666667, 0, 0, 0.0255568], "orders#o_shippriority": [0, 0, 0, 0, 0, 0, 0, 0, 0, 1.0], "orders#o_totalprice": [0.09755106666666667, 0.10509006666666666, 0.10503326666666667, 0.10400126666666666, 0.10416813333333333, 0.10347813333333333, 0.10199106666666667, 0.09904053333333333, 0.0939246, 0.08572186666666666], "part#p_brand": [0.079565, 0.120188, 0.0798815, 0.119664, 0.0799135, 0.1205685, 0.079785, 0.120292, 0.0801915, 0.119951], "part#p_comment": [0.103635, 0.102532, 0.0957705, 0.0985905, 0.097362, 0.09735, 0.105073, 0.103358, 0.094454, 0.101875], "part#p_container": [0.099991, 0.1002275, 0.0995405, 0.100043, 0.100158, 0.1002765, 0.0996, 0.0998565, 0.100351, 0.099956], "part#p_mfgr": [0, 0.199753, 0, 0.1995455, 0, 0.200482, 0, 0.200077, 0, 0.2001425], "part#p_name": [0.100001, 0.1, 0.100002, 0.1000005, 0.1000025, 0.1000005, 0.0999995, 0.0999995, 0.0999985, 0.099996], "part#p_partkey": [0.1, 0.1, 0.1, 0.1, 0.1, 0.1, 0.1, 0.1, 0.1, 0.1], "part#p_retailprice": [0.0761745, 0.1062405, 0.105913, 0.105974, 0.105923, 0.10592, 0.10597, 0.10587, 0.105885, 0.07613], "part#p_size": [0.099839, 0.0998655, 0.099626, 0.099973, 0.1002505, 0.1001175, 0.1000685, 0.1001115, 0.1000335, 0.100115], "part#p_type": [0.1006645, 0.1001645, 0.099781, 0.1001565, 0.1000495, 0.0996575, 0.100219, 0.099915, 0.099615, 0.0997775], "partsupp#ps_availqty": [0.09975425, 0.10015375, 0.1000045, 0.1000555, 0.100057125, 0.099780625, 0.1001055, 0.100031625, 0.09991775, 0.100139375], "partsupp#ps_comment": [0.100004, 0.10000025, 0.10000275, 0.100002125, 0.0999855, 0.100027, 0.099984125, 0.099989375, 0.100007625, 0.09999725], "partsupp#ps_partkey": [0.1, 0.1, 0.1, 0.1, 0.1, 0.1, 0.1, 0.1, 0.1, 0.1], "partsupp#ps_suppkey": [0.1, 0.1, 0.1, 0.1, 0.1, 0.1, 0.1, 0.1, 0.1, 0.1], "partsupp#ps_supplycost": [0.100126, 0.100062375, 0.099960625, 0.100113125, 0.099824875, 0.099954375, 0.099856625, 0.10012275, 0.099989625, 0.099989625], "region#r_comment": [0, 0.2, 0, 0.2, 0, 0.2, 0, 0.2, 0, 0.2], "region#r_name": [0, 0.2, 0, 0.2, 0, 0.2, 0, 0.2, 0, 0.2], "region#r_regionkey": [0, 0.2, 0, 0.2, 0, 0.2, 0, 0.2, 0, 0.2], "supplier#s_acctbal": [0.10014, 0.09996, 0.10001, 0.09977, 0.10029, 0.09989, 0.10015, 0.10002, 0.10003, 0.09974], "supplier#s_address": [0.1, 0.1, 0.1, 0.1, 0.1, 0.1, 0.1, 0.1, 0.1, 0.1],