{"customer#c_acctbal": 0.4177269, "customer#c_address": 1.0, "customer#c_comment": 1.0, "customer#c_custkey": 1.0, "customer#c_mktsegment": 3.3335533478542916e-06, "customer#c_name": 1.0, "customer#c_nationkey": 1.6667766739271458e-05, "customer#c_phone": 1.0, "lineitem#l_comment": 0.0176420765898284, "lineitem#l_commitdate": 4.101354540692973e-05, "lineitem#l_discount": 1.8339390222610853e-07, "lineitem#l_extendedprice": 0.014854706014239636, "lineitem#l_linenumber": 1.1670521050752362e-07, "lineitem#l_linestatus": 3.3344345859292464e-08, "lineitem#l_orderkey": 0.006973503115628988, "lineitem#l_partkey": 0.032180278073171635, "lineitem#l_quantity": 8.336086464823115e-07, "lineitem#l_receiptdate": 4.211390882028638e-05, "lineitem#l_returnflag": 5.001651878893869e-08, "lineitem#l_shipdate": 4.1997203609778856e-05, "lineitem#l_shipinstruct": 6.668869171858493e-08, "lineitem#l_shipmode": 1.1670521050752362e-07, "lineitem#l_suppkey": 0.0016511119739145849, "lineitem#l_tax": 1.500495563668161e-07, "nation#n_comment": 1.0, "nation#n_name": 1.0, "nation#n_nationkey": 1.0, "nation#n_regionkey": 0.2, "orders#o_clerk": 0.0006664123254076384, "orders#o_comment": 0.6523068, "orders#o_custkey": 0.05663224614224273, "orders#o_orderdate": 0.00016041901500057806, "orders#o_orderkey": 1.0, "orders#o_orderpriority": 3.3337284912838334e-07, "orders#o_orderstatus": 2.0002370947703e-07, "orders#o_shippriority": 6.667456982567667e-08, "orders#o_totalprice": 0.6384254, "part#p_brand": 1.249943752531136e-05, "part#p_comment": 0.051899164537595806, "part#p_container": 1.9999100040498176e-05, "part#p_mfgr": 2.499887505062272e-06, "part#p_name": 1.0, "part#p_partkey": 1.0, "part#p_retailprice": 0.013172907219175137, "part#p_size": 2.499887505062272e-05, "part#p_type": 7.499662515186816e-05, "partsupp#ps_availqty": 0.001247170521724043, "partsupp#ps_comment": 0.9657264, "partsupp#ps_partkey": 0.05672532047419731, "partsupp#ps_suppkey": 0.012501206294029732, "partsupp#ps_supplycost": 0.01255795836548034, "region#r_comment": 1.0, "region#r_name": 1.0, "region#r_regionkey": 1.0, "supplier#s_acctbal": 0.93025, "supplier#s_address": 1.0, "supplier#s_comment": 0.99981, "supplier#s_name": 1.0, "supplier#s_nationkey": 0.00025, "supplier#s_phone": 1.0, "supplier#s_suppkey": 1.0}