{"customer#c_acctbal": [0.10026, 0.09940666666666667, 0.10037333333333333, 0.1001, 0.10014, 0.09998, 0.09991333333333334, 0.09991333333333334, 0.09975333333333333, 0.10016], "customer#c_address": [0.1, 0.1, 0.1, 0.1, 0.1, 0.1, 0.1, 0.1, 0.1, 0.1], "customer#c_comment": [0.09997333333333333, 0.10000666666666666, 0.10000666666666666, 0.09999333333333334, 0.1, 0.1, 0.10002, 0.10001333333333333, 0.09998666666666667, 0.1], "customer#c_custkey": [0.1, 0.1, 0.1, 0.1, 0.1, 0.1, 0.1, 0.1, 0.1, 0.1], "customer#c_mktsegment": [0, 0.19834666666666667, 0, 0.20094666666666666, 0, 0.19978666666666667, 0, 0.20126, 0, 0.19966], "customer#c_name": [0.1, 0.1, 0.1, 0.1, 0.1, 0.1, 0.1, 0.1, 0.1, 0.1], "customer#c_nationkey": [0.07933333333333334, 0.12009333333333333, 0.08034666666666666, 0.12074, 0.07981333333333333, 0.11982, 0.0793, 0.12066, 0.07941333333333334, 0.12048], "customer#c_phone": [0.1, 0.1, 0.1, 0.1, 0.1, 0.1, 0.1, 0.1, 0.1, 0.1], "lineitem#l_comment": [0.10194012600964407, 0.1007385743886573, 0.09830348308356265, 0.10045917864983384, 0.09886444041965006, 0.09882428873625325, 0.10139749516805312, 0.10094299810454066, 0.09822517897071409, 0.10030423646909095], "lineitem#l_commitdate": [0.08934415973772454, 0.10216087696607883, 0.1020679116576331, 0.10271133821895463, 0.10288010857281758, 0.10255722906068886, 0.1026370326139962, 0.10254606655949555, 0.10276315221703101, 0.09033212439557972], "lineitem#l_discount": [0.0907934522434045, 0.09095205972304668, 0.09101187073690335, 0.09086275971350025, 0.09090574367331924, 0.09104552484497869, 0.09081244515588266, 0.09101403659534384, 0.09078278955569746, 0.18181931775792334], "lineitem#l_extendedprice": [0.09438944367260284, 0.09889342960185357, 0.10050549469956128, 0.10209256912295561, 0.10298257033750238, 0.10332227690366878, 0.10394021297719068, 0.10186815286762156, 0.09810755619694583, 0.09389829362009744], "lineitem#l_linenumber": [0, 0.24995022690699253, 0.21426154473355694, 0, 0.17852804595085267, 0.142806209482828, 0, 0.10719299914581876, 0.07149681977008913, 0.035764154009861986], "lineitem#l_linestatus": [0, 0, 0, 0, 0.4992700224033065, 0, 0, 0, 0, 0.5007299775966935], "lineitem#l_orderkey": [0.10005799502485656, 0.09986223474273517, 0.0999833562109073, 0.10007448886990337, 0.09995120154329076, 0.10019011238972657, 0.09984624071117461, 0.10004666591916783, 0.09991521497227951, 0.10007248961595831], "lineitem#l_partkey": [0.09991504836778409, 0.10006882431705902, 0.0999062183295267, 0.1000085134897161, 0.10009947954421675, 0.0998647338101665, 0.09999002039072419, 0.09998135695696223, 0.10009881312623506, 0.10006699166760936], "lineitem#l_quantity": [0.0998202504098887, 0.09996103120852069, 0.09980742186374118, 0.10006315976421465, 0.10014996070632975, 0.0999128825093436, 0.10021843515394839, 0.1000641593911872, 0.10004016834384635, 0.09996253064897949], "lineitem#l_receiptdate": [0.07505715783726706, 0.10554078236471423, 0.10610890369410482, 0.10606691936125835, 0.1066911864056063, 0.10617537888777838, 0.10604142887345872, 0.10672633995414045, 0.10600360965299782, 0.07558829296867385], "lineitem#l_returnflag": [0, 0, 0, 0.24636922988238222, 0, 0, 0.507204561497801, 0, 0, 0.2464262086198167], "lineitem#l_shipdate": [0.07938420979237915, 0.1046844352582428, 0.10449000781208478, 0.10528554427772703, 0.10542582526287274, 0.10493200953844058, 0.10519024650634538, 0.10508995060010107, 0.10514276422514998, 0.0803750067266565], "lineitem#l_shipinstruct": [0, 0, 0.25003719445360306, 0, 0.24996122280369043, 0, 0, 0.2500928403550742, 0, 0.24990874238763236], "lineitem#l_shipmode": [0, 0.14298630894237968, 0.14285685724943642, 0, 0.1428693525865931, 0.14271774249575866, 0, 0.1427832180624597, 0.14298081099403073, 0.14280570966934172], "lineitem#l_suppkey": [0.10009548103632661, 0.10003033867861642, 0.0998907241114524, 0.0998602354887901, 0.10002767300668967, 0.09999935024246785, 0.10008248588568366, 0.10002284147632241, 0.10001817655045059, 0.09997269352320026], "lineitem#l_tax": [0, 0.11085196707428678, 0.11109337698815393, 0.11122032961366583, 0.11117268072797501, 0.11113019658164229, 0.1109715891020001, 0.11122132924063836, 0.11112253277485284, 0.11121599789678485], "nation#n_comment": [0.08, 0.12, 0.08, 0.12, 0.08, 0.12, 0.08, 0.12, 0.08, 0.12], "nation#n_name": [0.08, 0.12, 0.08, 0.12, 0.08, 0.12, 0.08, 0.12, 0.08, 0.12], "nation#n_nationkey": [0.08, 0.12, 0.08, 0.12, 0.08, 0.12, 0.08, 0.12, 0.08, 0.12], "nation#n_regionkey": [0, 0.2, 0, 0.2, 0, 0.2, 0, 0.2, 0, 0.2], "orders#o_clerk": [0.09959067942950946, 0.09969194363314644, 0.0994048063188863, 0.10025222781248001, 0.10016562026989576, 0.10036615004157162, 0.09995709595582748, 0.10007834651544546, 0.10025089538874794, 0.10024223463448952], "orders#o_comment": [0.10017361481228815, 0.1001522960325751, 0.09975656618415162, 0.10012697998166585, 0.09984250751486985, 0.09998840791353103, 0.10003237789668919, 0.10009433560023025, 0.09988447886242992, 0.09994843520156906], "orders#o_custkey": [0.09972525422644808, 0.10031551793975313, 0.10009300317649818, 0.10008767348156991, 0.09985250069286034, 0.0995347176327627, 0.10035016095678684, 0.09984250751486985, 0.1001016639307566, 0.10009700044769437], "orders#o_orderdate": [0.09937349436118277, 0.09968128424328991, 0.09925091137783273, 0.10031551793975313, 0.10040745517726565, 0.10013430831219221, 0.10010033150702453, 0.09994443793037286, 0.10045808727908415, 0.10033417187200204], "orders#o_orderkey": [0.09993177990491824, 0.09993177990491824, 0.09993177990491824, 0.09993177990491824, 0.09993177990491824, 0.09993177990491824, 0.09993177990491824, 0.09993177990491824, 0.10061398085573582, 0.09993177990491824], "orders#o_orderpriority": [0, 0.2002293101242885, 0, 0.20006342336964633, 0, 0.19915537659624363, 0, 0.20016402136141728, 0, 0.2003878685484043], "orders#o_orderstatus": [0, 0, 0, 0.48627603555972454, 0, 0, 0.4880288389792568, 0, 0, 0.02569512546101861], "orders#o_shippriority": [0, 0, 0, 0, 0, 0, 0, 0, 0, 1.0], "orders#o_totalprice": [0.09975856481974972, 0.10057334193190781, 0.10047474257573497, 0.1004307725925768, 0.10040745517726565, 0.10030419233803058, 0.1002275779734368, 0.09991579082013345, 0.09944278039525017, 0.09846478137591404], "part#p_brand": [0.080215, 0.120205, 0.079845, 0.118335, 0.07958, 0.12194, 0.07957, 0.119635, 0.08039, 0.120285], "part#p_comment": [0.10324, 0.102755, 0.0974, 0.0989, 0.098625, 0.097705, 0.104705, 0.10044, 0.09702, 0.09921], "part#p_container": [0.1002, 0.10016, 0.09929, 0.09994, 0.10099, 0.100515, 0.099225, 0.100555, 0.099875, 0.09925], "part#p_mfgr": [0, 0.20042, 0, 0.19818, 0, 0.20152, 0, 0.199205, 0, 0.200675], "part#p_name": [0.100005, 0.100005, 0.1, 0.099995, 0.1, 0.1, 0.099995, 0.1, 0.1, 0.1], "part#p_partkey": [0.1, 0.1, 0.1, 0.1, 0.1, 0.1, 0.1, 0.1, 0.1, 0.1], "part#p_retailprice": [0.099995, 0.100005, 0.1, 0.1, 0.1, 0.1, 0.1, 0.1, 0.1, 0.1], "part#p_size": [0.101355, 0.101015, 0.100195, 0.099095, 0.09988, 0.100335, 0.099785, 0.099705, 0.0992, 0.099435], "part#p_type": [0.100265, 0.1008, 0.099215, 0.098485, 0.100335, 0.09898, 0.100605, 0.100645, 0.10047, 0.1002], "partsupp#ps_availqty": [0.09951125, 0.10017625, 0.09915625, 0.1005175, 0.10033625, 0.09989375, 0.1003, 0.09997125, 0.0995675, 0.10057], "partsupp#ps_comment": [0.0999975, 0.10001375, 0.09999625, 0.10000375, 0.1000175, 0.09999, 0.099985, 0.10000375, 0.09999875, 0.09999375], "partsupp#ps_partkey": [0.1, 0.1, 0.1, 0.1, 0.1, 0.1, 0.1, 0.1, 0.1, 0.1], "partsupp#ps_suppkey": [0.1, 0.1, 0.1, 0.1, 0.1, 0.1, 0.1, 0.1, 0.1, 0.1], "partsupp#ps_supplycost": [0.09959, 0.09993875, 0.10020375, 0.10006625, 0.10024625, 0.10030125, 0.0997875, 0.099945, 0.10009625, 0.099825], "region#r_comment": [0, 0.2, 0, 0.2, 0, 0.2, 0, 0.2, 0, 0.2], "region#r_name": [0, 0.2, 0, 0.2, 0, 0.2, 0, 0.2, 0, 0.2], "region#r_regionkey": [0, 0.2, 0, 0.2, 0, 0.2, 0, 0.2, 0, 0.2], "supplier#s_acctbal": [0.0997, 0.1001, 0.0998, 0.1001, 0.1, 0.1, 0.1001, 0.0999, 0.0999, 0.1004], "supplier#s_address": [0.1, 0.1, 0.1, 0.1, 0.1, 0.1, 0.1, 0.1, 0.1, 0.1],