{"customer#c_acctbal": 0.8935, "customer#c_address": 1.0, "customer#c_comment": 0.9997, "customer#c_custkey": 1.0, "customer#c_mktsegment": 3.3333333333333335e-05, "customer#c_name": 1.0, "customer#c_nationkey": 0.00016666666666666666, "customer#c_phone": 1.0, "lineitem#l_comment": 0.15012869, "lineitem#l_commitdate": 0.000409595328813565, "lineitem#l_discount": 1.833014083380478e-06, "lineitem#l_extendedprice": 0.11875698, "lineitem#l_linenumber": 1.1664635076057586e-06, "lineitem#l_linestatus": 3.3327528788735964e-07, "lineitem#l_orderkey": 0.06578204296085098, "lineitem#l_partkey": 0.0320992427152271, "lineitem#l_quantity": 8.331882197183991e-06, "lineitem#l_receiptdate": 0.0004200935003820168, "lineitem#l_returnflag": 4.999129318310395e-07, "lineitem#l_shipdate": 0.00041842712394258, "lineitem#l_shipinstruct": 6.665505757747193e-07, "lineitem#l_shipmode": 1.1664635076057586e-06, "lineitem#l_suppkey": 0.001670042467603559, "lineitem#l_tax": 1.4997387954931183e-06, "nation#n_comment": 1.0, "nation#n_name": 1.0, "nation#n_nationkey": 1.0, "nation#n_regionkey": 0.2, "orders#o_clerk": 0.0006666666666666666, "orders#o_comment": 0.9805807, "orders#o_custkey": 0.058296, "orders#o_orderdate": 0.001604, "orders#o_orderkey": 1.0, "orders#o_orderpriority": 3.3333333333333333e-06, "orders#o_orderstatus": 2e-06, "orders#o_shippriority": 6.666666666666667e-07, "orders#o_totalprice": 0.9468513, "part#p_brand": 0.000125, "part#p_comment": 0.365605, "part#p_container": 0.0002, "part#p_mfgr": 2.5e-05, "part#p_name": 1.0, "part#p_partkey": 1.0, "part#p_retailprice": 0.102925, "part#p_size": 0.00025, "part#p_type": 0.00075, "partsupp#ps_availqty": 0.01247, "partsupp#ps_comment": 0.99825877, "partsupp#ps_partkey": 0.2525175, "partsupp#ps_suppkey": 0.0124975, "partsupp#ps_supplycost": 0.11277375, "region#r_comment": 1.0, "region#r_name": 1.0, "region#r_regionkey": 1.0, "supplier#s_acctbal": 0.9955, "supplier#s_address": 1.0, "supplier#s_comment": 1.0, "supplier#s_name": 1.0, "supplier#s_nationkey": 0.0025, "supplier#s_phone": 1.0, "supplier#s_suppkey": 1.0}