{"customer#c_acctbal": 0.78466666, "customer#c_address": 1.0, "customer#c_comment": 0.99873334, "customer#c_custkey": 1.0, "customer#c_mktsegment": 1.6666666666666667e-05, "customer#c_name": 1.0, "customer#c_nationkey": 8.333333333333333e-05, "customer#c_phone": 1.0, "lineitem#l_comment": 0.08910314351712363, "lineitem#l_commitdate": 0.00020461428124337138, "lineitem#l_discount": 9.168053334733545e-07, "lineitem#l_extendedprice": 0.06661865940556842, "lineitem#l_linenumber": 5.834215758466802e-07, "lineitem#l_linestatus": 1.6669187881333718e-07, "lineitem#l_orderkey": 0.032345142202758165, "lineitem#l_partkey": 0.032537337939029944, "lineitem#l_quantity": 4.16729697033343e-06, "lineitem#l_receiptdate": 0.00020978172948658486, "lineitem#l_returnflag": 2.5003781822000575e-07, "lineitem#l_shipdate": 0.0002091149619713315, "lineitem#l_shipinstruct": 3.3338375762667437e-07, "lineitem#l_shipmode": 5.834215758466802e-07, "lineitem#l_suppkey": 0.001668335669103285, "lineitem#l_tax": 7.501134546600173e-07, "nation#n_comment": 1.0, "nation#n_name": 1.0, "nation#n_nationkey": 1.0, "nation#n_regionkey": 0.2, "orders#o_clerk": 0.0006666315574046434, "orders#o_comment": 0.91498417, "orders#o_custkey": 0.057423975670614684, "orders#o_orderdate": 0.000801957763557786, "orders#o_orderkey": 1.0, "orders#o_orderpriority": 1.6665788935116084e-06, "orders#o_orderstatus": 9.99947336106965e-07, "orders#o_shippriority": 3.3331577870232166e-07, "orders#o_totalprice": 0.91498417, "part#p_brand": 6.25e-05, "part#p_comment": 0.2196325, "part#p_container": 0.0001, "part#p_mfgr": 1.25e-05, "part#p_name": 1.0, "part#p_partkey": 1.0, "part#p_retailprice": 0.0526575, "part#p_size": 0.000125, "part#p_type": 0.000375, "partsupp#ps_availqty": 0.006230887829644902, "partsupp#ps_comment": 1.0, "partsupp#ps_partkey": 0.2159712, "partsupp#ps_suppkey": 0.012548645609973921, "partsupp#ps_supplycost": 0.060542730953763314, "region#r_comment": 1.0, "region#r_name": 1.0, "region#r_regionkey": 1.0, "supplier#s_acctbal": 0.99015, "supplier#s_address": 1.0, "supplier#s_comment": 1.0, "supplier#s_name": 1.0, "supplier#s_nationkey": 0.00125, "supplier#s_phone": 1.0, "supplier#s_suppkey": 1.0}