{"customer#c_acctbal": [0.10015333333333333, 0.09953333333333333, 0.10042666666666666, 0.10001, 0.10014333333333333, 0.09973, 0.1002, 0.09984, 0.09988333333333334, 0.10008], "customer#c_address": [0.1, 0.1, 0.1, 0.1, 0.1, 0.1, 0.1, 0.1, 0.1, 0.1], "customer#c_comment": [0.09998333333333333, 0.10000333333333333, 0.09999, 0.09999333333333334, 0.09999666666666666, 0.09999666666666666, 0.10002333333333334, 0.10001, 0.09999333333333334, 0.10001], "customer#c_custkey": [0.1, 0.1, 0.1, 0.1, 0.1, 0.1, 0.1, 0.1, 0.1, 0.1], "customer#c_mktsegment": [0, 0.19862333333333335, 0, 0.20119666666666666, 0, 0.20053, 0, 0.19974, 0, 0.19991], "customer#c_name": [0.1, 0.1, 0.1, 0.1, 0.1, 0.1, 0.1, 0.1, 0.1, 0.1], "customer#c_nationkey": [0.07921333333333333, 0.11965333333333333, 0.08104, 0.12137, 0.08022, 0.11918333333333334, 0.07922333333333334, 0.11987333333333333, 0.08025, 0.11997333333333333], "customer#c_phone": [0.1, 0.1, 0.1, 0.1, 0.1, 0.1, 0.1, 0.1, 0.1, 0.1], "lineitem#l_comment": [0.10218898222669852, 0.10080625131063554, 0.09838001279547018, 0.10044077360919274, 0.09866064299404667, 0.09844419017976001, 0.10162572149548975, 0.1010125357601386, 0.09828766403989467, 0.1001532255886733], "lineitem#l_commitdate": [0.08949936306029774, 0.10235400978630098, 0.10248844890430035, 0.10281583691143087, 0.10278649867861266, 0.10206504486249203, 0.10263939077825997, 0.10234950903467546, 0.10261855396517885, 0.09038334401845108], "lineitem#l_discount": [0.09086750820720393, 0.09102036706796701, 0.09098302749892566, 0.09089584627299425, 0.09093526952334373, 0.09101978363720074, 0.09075482272206126, 0.09094227069253899, 0.09093526952334373, 0.18164583485442068], "lineitem#l_extendedprice": [0.09422031812646045, 0.09884509046344073, 0.10068739812882084, 0.10212130425781106, 0.10283317313991437, 0.10363930776439666, 0.10433309029274555, 0.1023387572391256, 0.09826007609937526, 0.09272148448790948], "lineitem#l_linenumber": [0, 0.2500417569734146, 0.21428495225369304, 0, 0.17849589214732195, 0.14281918413708422, 0, 0.1071846498365227, 0.07145251590348922, 0.03572104874847433], "lineitem#l_linestatus": [0, 0, 0, 0, 0.4999759959913306, 0, 0, 0, 0, 0.5000240040086694], "lineitem#l_orderkey": [0.10001411902454377, 0.09999761626858351, 0.10012472082837834, 0.10000045007516255, 0.10004787466173518, 0.0997931654586316, 0.10011630275589357, 0.10004437407713755, 0.09993893980294709, 0.09992243704698685], "lineitem#l_partkey": [0.10002462077833665, 0.10005095851007118, 0.09989926651084065, 0.09999678279606028, 0.10006571097373261, 0.09996886146653158, 0.10001736956738443, 0.10006612770999423, 0.1000598766660699, 0.0998504250209785], "lineitem#l_quantity": [0.09995927653251427, 0.10007712954730107, 0.09986917815275151, 0.0999549424753934, 0.10006204369463034, 0.10000011668615326, 0.10006554427922797, 0.10001461910805771, 0.10004904152326771, 0.09994810800070278], "lineitem#l_receiptdate": [0.07478407227340299, 0.10607754828389675, 0.10619548464593587, 0.10656496301549025, 0.10614464282201794, 0.10624440948305033, 0.10585659471798457, 0.10658154911870282, 0.1059302736890394, 0.07562046195047906], "lineitem#l_returnflag": [0, 0, 0, 0.24664677334448187, 0, 0, 0.5064439094662142, 0, 0, 0.24690931718930395], "lineitem#l_shipdate": [0.0795370326844583, 0.10484300878246668, 0.10496569593788829, 0.1053233389976126, 0.10530691958890467, 0.10457796452007485, 0.10502153859694568, 0.10492752289632369, 0.10511872149315603, 0.08037825650216919], "lineitem#l_shipinstruct": [0, 0, 0.25003183865038797, 0, 0.2501287715048413, 0, 0, 0.24994907482882975, 0, 0.249890315015941], "lineitem#l_shipmode": [0, 0.14298487847470528, 0.14284643868859434, 0, 0.14281309978766454, 0.14276417495055008, 0, 0.14295420668584988, 0.1427281689375459, 0.14290903247509001], "lineitem#l_suppkey": [0.10005729290124785, 0.09998394731920231, 0.09997636271924078, 0.09996411067314909, 0.0998915985636268, 0.09999069844664059, 0.09996844473026996, 0.1000595432770606, 0.10004287382659571, 0.10006512754296634], "lineitem#l_tax": [0, 0.11097419935795945, 0.1111228908561063, 0.11117639979209862, 0.11115206239441987, 0.11116039711965231, 0.11102262411155997, 0.11116314757897902, 0.11115256247793381, 0.11107571631129065], "nation#n_comment": [0.08, 0.12, 0.08, 0.12, 0.08, 0.12, 0.08, 0.12, 0.08, 0.12], "nation#n_name": [0.08, 0.12, 0.08, 0.12, 0.08, 0.12, 0.08, 0.12, 0.08, 0.12], "nation#n_nationkey": [0.08, 0.12, 0.08, 0.12, 0.08, 0.12, 0.08, 0.12, 0.08, 0.12], "nation#n_regionkey": [0, 0.2, 0, 0.2, 0, 0.2, 0, 0.2, 0, 0.2], "orders#o_clerk": [0.09974733333333333, 0.09971566666666666, 0.10001966666666667, 0.100175, 0.100198, 0.09986566666666667, 0.09987533333333333, 0.09995833333333333, 0.10015966666666666, 0.10028533333333334], "orders#o_comment": [0.10030366666666667, 0.10022266666666667, 0.09967966666666667, 0.10020966666666667, 0.09977933333333333, 0.09986, 0.10007366666666667, 0.10012666666666667, 0.09980466666666667, 0.09994], "orders#o_custkey": [0.09983266666666667, 0.10033, 0.100104, 0.10002433333333334, 0.10002966666666667, 0.09959833333333333, 0.10006866666666667, 0.100104, 0.09980166666666666, 0.10010666666666666], "orders#o_orderdate": [0.09955233333333334, 0.09980666666666667, 0.09986833333333334, 0.10029766666666666, 0.10036233333333333, 0.09961533333333333, 0.10009766666666667, 0.09969266666666667, 0.10027433333333333, 0.10043266666666667], "orders#o_orderkey": [0.1, 0.1, 0.1, 0.1, 0.1, 0.1, 0.1, 0.1, 0.1, 0.1], "orders#o_orderpriority": [0, 0.20023133333333334, 0, 0.20007166666666668, 0, 0.199352, 0, 0.20025033333333334, 0, 0.20009466666666667], "orders#o_orderstatus": [0, 0, 0, 0.487105, 0, 0, 0.48737766666666665, 0, 0, 0.025517333333333333], "orders#o_shippriority": [0, 0, 0, 0, 0, 0, 0, 0, 0, 1.0], "orders#o_totalprice": [0.09947066666666667, 0.100982, 0.10106933333333333, 0.10073866666666667, 0.10086366666666667, 0.10074966666666667, 0.100458, 0.09986866666666666, 0.09884166666666666, 0.09695766666666666], "part#p_brand": [0.0804175, 0.120235, 0.08028, 0.1192225, 0.0795675, 0.12102, 0.080055, 0.119475, 0.08031, 0.1194175], "part#p_comment": [0.1034925, 0.10127, 0.09736, 0.098895, 0.09826, 0.09833, 0.104885, 0.1013725, 0.096035, 0.1001], "part#p_container": [0.1006525, 0.0997525, 0.0991875, 0.100235, 0.1003625, 0.1004525, 0.09944, 0.10018, 0.1001525, 0.099585], "part#p_mfgr": [0, 0.2006525, 0, 0.1995025, 0, 0.2005875, 0, 0.19953, 0, 0.1997275], "part#p_name": [0.100005, 0.0999975, 0.1, 0.1, 0.1, 0.0999975, 0.1, 0.0999975, 0.1, 0.1000025], "part#p_partkey": [0.1, 0.1, 0.1, 0.1, 0.1, 0.1, 0.1, 0.1, 0.1, 0.1], "part#p_retailprice": [0.0962975, 0.1010425, 0.100895, 0.100845, 0.100945, 0.100945, 0.100845, 0.100895, 0.101015, 0.096275], "part#p_size": [0.10055, 0.100335, 0.1001775, 0.09892, 0.100125, 0.1003325, 0.09985, 0.1000925, 0.1002375, 0.09938], "part#p_type": [0.100225, 0.10051, 0.1000225, 0.09952, 0.09983, 0.099245, 0.1005, 0.1001575, 0.0998975, 0.1000925], "partsupp#ps_availqty": [0.0995625, 0.0997725, 0.099495625, 0.10023875, 0.10029625, 0.10007875, 0.1001325, 0.1001175, 0.09999875, 0.100306875], "partsupp#ps_comment": [0.10000875, 0.10000375, 0.099985, 0.100013125, 0.10000125, 0.10001, 0.099971875, 0.1000025, 0.10000125, 0.1000025], "partsupp#ps_partkey": [0.1, 0.1, 0.1, 0.1, 0.1, 0.1, 0.1, 0.1, 0.1, 0.1], "partsupp#ps_suppkey": [0.1, 0.1, 0.1, 0.1, 0.1, 0.1, 0.1, 0.1, 0.1, 0.1], "partsupp#ps_supplycost": [0.099866875, 0.1001325, 0.099976875, 0.099895, 0.099965, 0.100333125, 0.09989875, 0.09974125, 0.10023125, 0.099959375], "region#r_comment": [0, 0.2, 0, 0.2, 0, 0.2, 0, 0.2, 0, 0.2], "region#r_name": [0, 0.2, 0, 0.2, 0, 0.2, 0, 0.2, 0, 0.2], "region#r_regionkey": [0, 0.2, 0, 0.2, 0, 0.2, 0, 0.2, 0, 0.2], "supplier#s_acctbal": [0.09995, 0.09995, 0.0999, 0.10025, 0.09995, 0.1001, 0.09985, 0.0999, 0.09995, 0.1002], "supplier#s_address": [0.1, 0.1, 0.1, 0.1, 0.1, 0.1, 0.1, 0.1, 0.1, 0.1], "supplier#s_comment": [0.1, 0.1, 0.1, 0.1, 0.1, 0.1, 0.1, 0.1, 0.1, 0.1],