{"customer#c_acctbal": 0.70554, "customer#c_address": 1.0, "customer#c_comment": 0.9971089, "customer#c_custkey": 1.0, "customer#c_mktsegment": 1.1111111111111112e-05, "customer#c_name": 1.0, "customer#c_nationkey": 5.555555555555556e-05, "customer#c_phone": 1.0, "lineitem#l_comment": 0.0554297538808801, "lineitem#l_commitdate": 0.00013646367065937734, "lineitem#l_discount": 6.111972220086118e-07, "lineitem#l_extendedprice": 0.045022787654971835, "lineitem#l_linenumber": 3.8894368673275303e-07, "lineitem#l_linestatus": 1.1112676763792943e-07, "lineitem#l_orderkey": 0.022309587617455436, "lineitem#l_partkey": 0.030765278930409305, "lineitem#l_quantity": 2.7781691909482358e-06, "lineitem#l_receiptdate": 0.00013979747368851521, "lineitem#l_returnflag": 1.6669015145689416e-07, "lineitem#l_shipdate": 0.00013946409338560145, "lineitem#l_shipinstruct": 2.2225353527585886e-07, "lineitem#l_shipmode": 3.8894368673275303e-07, "lineitem#l_suppkey": 0.0016644011622970881, "lineitem#l_tax": 5.000704543706824e-07, "nation#n_comment": 1.0, "nation#n_name": 1.0, "nation#n_nationkey": 1.0, "nation#n_regionkey": 0.2, "orders#o_clerk": 0.0006666146707223503, "orders#o_comment": 0.8852432, "orders#o_custkey": 0.058917182237563245, "orders#o_orderdate": 0.0005346249659193249, "orders#o_orderkey": 1.0, "orders#o_orderpriority": 1.1110244512039172e-06, "orders#o_orderstatus": 6.666146707223503e-07, "orders#o_shippriority": 2.2220489024078343e-07, "orders#o_totalprice": 0.86987793, "part#p_brand": 4.1666666666666665e-05, "part#p_comment": 0.153345, "part#p_container": 6.666666666666667e-05, "part#p_mfgr": 8.333333333333334e-06, "part#p_name": 1.0, "part#p_partkey": 1.0, "part#p_retailprice": 0.035795, "part#p_size": 8.333333333333333e-05, "part#p_type": 0.00025, "partsupp#ps_availqty": 0.004143879496234257, "partsupp#ps_comment": 0.99472773, "partsupp#ps_partkey": 0.16597268, "partsupp#ps_suppkey": 0.012765815598404116, "partsupp#ps_supplycost": 0.04093544589935102, "region#r_comment": 1.0, "region#r_name": 1.0, "region#r_regionkey": 1.0, "supplier#s_acctbal": 0.98543334, "supplier#s_address": 1.0, "supplier#s_comment": 1.0, "supplier#s_name": 1.0, "supplier#s_nationkey": 0.0008333333333333334, "supplier#s_phone": 1.0, "supplier#s_suppkey": 1.0}