{"customer#c_acctbal": [0.09984, 0.09967111111111111, 0.10042888888888889, 0.10016222222222222, 0.10014888888888888, 0.0996, 0.10012222222222222, 0.09978222222222222, 0.10003111111111111, 0.10021333333333333], "customer#c_address": [0.1, 0.1, 0.1, 0.1, 0.1, 0.1, 0.1, 0.1, 0.1, 0.1], "customer#c_comment": [0.09998444444444445, 0.10001333333333333, 0.09999111111111111, 0.09998888888888889, 0.1, 0.10000666666666666, 0.1000111111111111, 0.10001333333333333, 0.09998888888888889, 0.10000222222222223], "customer#c_custkey": [0.1, 0.1, 0.1, 0.1, 0.1, 0.1, 0.1, 0.1, 0.1, 0.1], "customer#c_mktsegment": [0, 0.19946444444444444, 0, 0.20079333333333332, 0, 0.20066, 0, 0.1991622222222222, 0, 0.19992], "customer#c_name": [0.1, 0.1, 0.1, 0.1, 0.1, 0.1, 0.1, 0.1, 0.1, 0.1], "customer#c_nationkey": [0.07959777777777778, 0.11909555555555555, 0.0808288888888889, 0.12109333333333333, 0.08022666666666667, 0.11930444444444445, 0.07950888888888889, 0.1203088888888889, 0.07957555555555555, 0.12046], "customer#c_phone": [0.09999777777777778, 0.10000222222222223, 0.1, 0.1, 0.1, 0.1, 0.09999777777777778, 0.1, 0.1, 0.10000222222222223], "lineitem#l_comment": [0.10238228768541896, 0.10090050853469118, 0.09822978317748639, 0.10042691931574443, 0.09858596138861493, 0.09832774607705262, 0.10166615277355862, 0.10105298170338646, 0.09826112241478381, 0.10016653692926261], "lineitem#l_commitdate": [0.08951797530301403, 0.10245357889366824, 0.10244218785883497, 0.10286737907124614, 0.1027396883490662, 0.1019444829856558, 0.10266945289526488, 0.1023749529703068, 0.10267862128915509, 0.09031168038378785], "lineitem#l_discount": [0.09093935418611361, 0.09093663145095834, 0.09090206938429345, 0.09091118221216007, 0.09089178966993171, 0.09100164369854342, 0.09081310818054668, 0.09095135644720626, 0.09096130276542654, 0.1816915620048199], "lineitem#l_extendedprice": [0.0939405862515544, 0.09874999229021422, 0.10076726121015353, 0.10217463745531172, 0.10306791685033553, 0.10388584871738893, 0.10460009438444764, 0.10249286407233718, 0.09850233452313155, 0.09181846424512528], "lineitem#l_linenumber": [0, 0.2500471060964874, 0.21430237218578232, 0, 0.17851718620991322, 0.1428242953992055, 0, 0.10716930061657727, 0.07142339981937708, 0.03571633967265722], "lineitem#l_linestatus": [0, 0, 0, 0, 0.5000503706003725, 0, 0, 0, 0, 0.49994962939962745], "lineitem#l_orderkey": [0.10002401007878763, 0.10007124119882807, 0.099992170747278, 0.09990643237289869, 0.10008341015799144, 0.09998728093720323, 0.09986403549690945, 0.10007435289614838, 0.10001423045863807, 0.09998283565531707], "lineitem#l_partkey": [0.10002050941930227, 0.10003290064255994, 0.09985308899026478, 0.0999982274438479, 0.10011147099989781, 0.09997616773248783, 0.10000083904695602, 0.1000716301609931, 0.10001067423312913, 0.09992449133056122], "lineitem#l_quantity": [0.09998416923988292, 0.10000611781919583, 0.09980824720923814, 0.09997516754406344, 0.10010219147396046, 0.1000131747041901, 0.10001011857289337, 0.10005551601415578, 0.10008563279893451, 0.09995966462348546], "lineitem#l_receiptdate": [0.07478925613153012, 0.10617444653045471, 0.10614960851791579, 0.10661608528584468, 0.10610793400023305, 0.10610776730216231, 0.105932178667659, 0.10664998056022665, 0.10594179158973782, 0.07553095141423587], "lineitem#l_returnflag": [0, 0, 0, 0.24671786779387161, 0, 0, 0.5063760067243779, 0, 0, 0.24690612548175048], "lineitem#l_shipdate": [0.0795562652942007, 0.10493782467574864, 0.10490492958979106, 0.10537529597937034, 0.10527605506126182, 0.10444145338713533, 0.10507368360339439, 0.10499333513330206, 0.10514375235912499, 0.08029740491667069], "lineitem#l_shipinstruct": [0, 0, 0.25002587987548097, 0, 0.2500479395868411, 0, 0, 0.2500448834555443, 0, 0.24988129708213364], "lineitem#l_shipmode": [0, 0.14289364179662958, 0.14289291943832308, 0, 0.14284485482792897, 0.14276406182964801, 0, 0.1428875295340361, 0.1427850657865601, 0.14293192678687414], "lineitem#l_suppkey": [0.10005551601415578, 0.09993004793291892, 0.10004329148896884, 0.09994593981566194, 0.09994210576003512, 0.09992521368886773, 0.10004429167739322, 0.10004790346892573, 0.10001645309958115, 0.10004923705349157], "lineitem#l_tax": [0, 0.11101469171219978, 0.11106208953031096, 0.11114349375485126, 0.11111159885731807, 0.11121195109589813, 0.11099396558540556, 0.11119628147724941, 0.11111132102720019, 0.11115460695956667], "nation#n_comment": [0.08, 0.12, 0.08, 0.12, 0.08, 0.12, 0.08, 0.12, 0.08, 0.12], "nation#n_name": [0.08, 0.12, 0.08, 0.12, 0.08, 0.12, 0.08, 0.12, 0.08, 0.12], "nation#n_nationkey": [0.08, 0.12, 0.08, 0.12, 0.08, 0.12, 0.08, 0.12, 0.08, 0.12], "nation#n_regionkey": [0, 0.2, 0, 0.2, 0, 0.2, 0, 0.2, 0, 0.2], "orders#o_clerk": [0.099772, 0.09986377777777777, 0.10004333333333333, 0.10018511111111111, 0.10008622222222222, 0.09975066666666667, 0.1000231111111111, 0.09990044444444444, 0.10015222222222223, 0.10022311111111111], "orders#o_comment": [0.10037866666666667, 0.10028022222222223, 0.09959755555555555, 0.100226, 0.099766, 0.09980688888888889, 0.10012866666666667, 0.10015088888888889, 0.09975644444444444, 0.09990866666666667], "orders#o_custkey": [0.09991533333333333, 0.10041622222222223, 0.09998088888888888, 0.09997288888888889, 0.09991244444444444, 0.09966888888888889, 0.10020022222222222, 0.10006333333333334, 0.09984666666666667, 0.1000231111111111], "orders#o_orderdate": [0.09953577777777778, 0.09998111111111112, 0.09987555555555555, 0.10027755555555555, 0.100294, 0.09945311111111112, 0.10016377777777778, 0.09968377777777777, 0.10033644444444445, 0.10039888888888888], "orders#o_orderkey": [0.1, 0.1, 0.1, 0.1, 0.1, 0.1, 0.1, 0.1, 0.1, 0.1], "orders#o_orderpriority": [0, 0.20028577777777778, 0, 0.19998355555555555, 0, 0.19954422222222223, 0, 0.2002722222222222, 0, 0.19991422222222222], "orders#o_orderstatus": [0, 0, 0, 0.48716288888888887, 0, 0, 0.48731955555555556, 0, 0, 0.025517555555555557], "orders#o_shippriority": [0, 0, 0, 0, 0, 0, 0, 0, 0, 1.0], "orders#o_totalprice": [0.09925133333333333, 0.101516, 0.10166866666666667, 0.1012311111111111, 0.10127444444444444, 0.10106311111111112, 0.10060755555555556, 0.09980377777777778, 0.0981748888888889, 0.09540911111111111], "part#p_brand": [0.08022666666666667, 0.120135, 0.07992666666666666, 0.119485, 0.07961166666666666, 0.12128166666666666, 0.07993333333333333, 0.11987333333333333, 0.08015666666666667, 0.11937], "part#p_comment": [0.10345333333333333, 0.10230666666666667, 0.09623, 0.098895, 0.09768, 0.09799333333333334, 0.105195, 0.10192333333333334, 0.09526833333333333, 0.101055], "part#p_container": [0.10091333333333333, 0.09990833333333334, 0.09957333333333333, 0.10010166666666667, 0.10041166666666666, 0.10014166666666667, 0.09937666666666667, 0.10007333333333333, 0.09990666666666667, 0.09959333333333334], "part#p_mfgr": [0, 0.20036166666666666, 0, 0.19941166666666665, 0, 0.20089333333333334, 0, 0.19980666666666666, 0, 0.19952666666666666], "part#p_name": [0.10000166666666667, 0.1, 0.10000333333333333, 0.09999666666666666, 0.10000333333333333, 0.09999666666666666, 0.09999833333333333, 0.1, 0.09999833333333333, 0.10000166666666667], "part#p_partkey": [0.1, 0.1, 0.1, 0.1, 0.1, 0.1, 0.1, 0.1, 0.1, 0.1], "part#p_retailprice": [0.09293833333333333, 0.10193666666666666, 0.10165166666666667, 0.10183333333333333, 0.10169, 0.10174, 0.10171, 0.101775, 0.101835, 0.09289], "part#p_size": [0.10013833333333333, 0.10029833333333334, 0.10021, 0.09942666666666666, 0.10013833333333333, 0.10023166666666666, 0.10045833333333333, 0.099975, 0.09953, 0.09959333333333334], "part#p_type": [0.09989166666666667, 0.10097166666666667, 0.09988333333333334, 0.09941833333333333, 0.09979, 0.09972666666666667, 0.10013, 0.10037, 0.09981833333333333, 0.1], "partsupp#ps_availqty": [0.09950791666666667, 0.0997425, 0.09970208333333333, 0.10031708333333333, 0.10024583333333334, 0.10000541666666667, 0.10005, 0.1001775, 0.10009708333333334, 0.10015458333333334],