{"customer#c_acctbal": 0.6149307, "customer#c_address": 1.0, "customer#c_comment": 1.0, "customer#c_custkey": 1.0, "customer#c_mktsegment": 6.666666666666667e-06, "customer#c_name": 1.0, "customer#c_nationkey": 3.3333333333333335e-05, "customer#c_phone": 1.0, "lineitem#l_comment": 0.03762710623814332, "lineitem#l_commitdate": 8.192768578485989e-05, "lineitem#l_discount": 3.6664139285331933e-07, "lineitem#l_extendedprice": 0.0290370650449829, "lineitem#l_linenumber": 2.3331724999756682e-07, "lineitem#l_linestatus": 6.666207142787624e-08, "lineitem#l_orderkey": 0.013338047230610904, "lineitem#l_partkey": 0.03187030307377478, "lineitem#l_quantity": 1.666551785696906e-06, "lineitem#l_receiptdate": 8.399420999912406e-05, "lineitem#l_returnflag": 9.999310714181436e-08, "lineitem#l_shipdate": 8.362756860627074e-05, "lineitem#l_shipinstruct": 1.3332414285575249e-07, "lineitem#l_shipmode": 2.3331724999756682e-07, "lineitem#l_suppkey": 0.0016556192059827342, "lineitem#l_tax": 2.999793214254431e-07, "nation#n_comment": 1.0, "nation#n_name": 1.0, "nation#n_nationkey": 1.0, "nation#n_regionkey": 0.2, "orders#o_clerk": 0.000666205819868452, "orders#o_comment": 0.8573358, "orders#o_custkey": 0.054027598812641776, "orders#o_orderdate": 0.0003207707029424646, "orders#o_orderkey": 1.0, "orders#o_orderpriority": 6.666057833384551e-07, "orders#o_orderstatus": 3.9996347000307307e-07, "orders#o_shippriority": 1.3332115666769102e-07, "orders#o_totalprice": 0.77945185, "part#p_brand": 2.5e-05, "part#p_comment": 0.098878, "part#p_container": 4e-05, "part#p_mfgr": 5e-06, "part#p_name": 1.0, "part#p_partkey": 1.0, "part#p_retailprice": 0.022875, "part#p_size": 5e-05, "part#p_type": 0.00015, "partsupp#ps_availqty": 0.0024959380077490315, "partsupp#ps_comment": 0.98259395, "partsupp#ps_partkey": 0.10666267, "partsupp#ps_suppkey": 0.012343457067866517, "partsupp#ps_supplycost": 0.02417047869016373, "region#r_comment": 1.0, "region#r_name": 1.0, "region#r_regionkey": 1.0, "supplier#s_acctbal": 0.96694, "supplier#s_address": 1.0, "supplier#s_comment": 0.99992, "supplier#s_name": 1.0, "supplier#s_nationkey": 0.0005, "supplier#s_phone": 1.0, "supplier#s_suppkey": 1.0}