{"customer#c_acctbal": [0.09971333333333333, 0.09960133333333333, 0.10040266666666667, 0.099916, 0.10027866666666667, 0.09958, 0.100196, 0.09995733333333333, 0.10003466666666666, 0.10032], "customer#c_address": [0.1, 0.1, 0.1, 0.1, 0.1, 0.1, 0.1, 0.1, 0.1, 0.1], "customer#c_comment": [0.09998133333333334, 0.100016, 0.09998666666666667, 0.09999333333333334, 0.10001866666666667, 0.09999466666666666, 0.10000666666666666, 0.10001333333333333, 0.09997733333333333, 0.100012], "customer#c_custkey": [0.1, 0.1, 0.1, 0.1, 0.1, 0.1, 0.1, 0.1, 0.1, 0.1], "customer#c_mktsegment": [0, 0.199548, 0, 0.200396, 0, 0.20025333333333334, 0, 0.19958266666666666, 0, 0.20022], "customer#c_name": [0.1, 0.1, 0.1, 0.1, 0.1, 0.1, 0.1, 0.1, 0.1, 0.1], "customer#c_nationkey": [0.0798, 0.11942533333333333, 0.08035066666666667, 0.12108933333333333, 0.080652, 0.11950533333333334, 0.07931466666666667, 0.11982133333333334, 0.07962533333333334, 0.120416], "customer#c_phone": [0.1, 0.1, 0.10000133333333333, 0.1, 0.10000133333333333, 0.09999866666666667, 0.09999866666666667, 0.09999866666666667, 0.1, 0.10000133333333333], "lineitem#l_comment": [0.10257026756349502, 0.10129565885366883, 0.09785913537075837, 0.10032381887942901, 0.0984962730578659, 0.09822267118825312, 0.10174572859581207, 0.10112549102418866, 0.09828180492566699, 0.10007915054086203], "lineitem#l_commitdate": [0.08960831232346754, 0.10273786870876951, 0.10234659936842902, 0.1027533688146869, 0.10265533481145454, 0.10197773018115623, 0.10280906919530616, 0.10239346635535343, 0.10250586712342534, 0.09021238311795131], "lineitem#l_discount": [0.09087645432243786, 0.09099025510007652, 0.09089972114809451, 0.0908817876922159, 0.09090095448985568, 0.09099142177471546, 0.09083848739633055, 0.09091585459167305, 0.0909441881186188, 0.18176087536598168], "lineitem#l_extendedprice": [0.09338473812904388, 0.09875884151875038, 0.10087818933429378, 0.10252020055470379, 0.10326697232431088, 0.1042374789561062, 0.1053789867564095, 0.10301040390442669, 0.09839800571970575, 0.09016618280224915], "lineitem#l_linenumber": [0, 0.250001708345007, 0.21428486427990592, 0, 0.17854535339324817, 0.1428759096520493, 0, 0.10715916558763151, 0.07142292138996283, 0.03571007735219524], "lineitem#l_linestatus": [0, 0, 0, 0, 0.5000927839673571, 0, 0, 0, 0, 0.4999072160326429], "lineitem#l_orderkey": [0.09998971659639674, 0.10005215035636077, 0.09995001632511155, 0.09994404961767239, 0.09995391635176173, 0.10000121667498062, 0.09996281641257881, 0.10003838359562124, 0.10005535037822759, 0.10005238369128856], "lineitem#l_partkey": [0.09998518323208543, 0.10004621698248271, 0.09990184932930375, 0.09998824991970778, 0.10004365029827704, 0.09996731644332903, 0.10000785005364203, 0.10008428390927337, 0.09998654990809104, 0.09998884992380781], "lineitem#l_quantity": [0.09998111653762967, 0.1000327835573543, 0.09985501567594045, 0.09997188314120146, 0.10007761719705084, 0.09996971645972914, 0.10002998353822085, 0.10006028374527226, 0.10002711685196515, 0.09999448329563586], "lineitem#l_receiptdate": [0.0748652115789458, 0.10642479390275833, 0.10611079175707701, 0.1064991610776007, 0.10598715757891013, 0.10615219203997894, 0.10610582505647122, 0.10659069503641608, 0.10584912330234257, 0.07541504866949925], "lineitem#l_returnflag": [0, 0, 0, 0.24679798645290743, 0, 0, 0.5063218931996035, 0, 0, 0.24688012034748905], "lineitem#l_shipdate": [0.07963851086315757, 0.10520648557765144, 0.104837716391062, 0.10526168595485402, 0.10514838518063206, 0.10449988074918512, 0.10524238582296978, 0.10493331704433313, 0.10503765109061579, 0.08019398132553905], "lineitem#l_shipinstruct": [0, 0, 0.24998880825685643, 0, 0.25004440863679234, 0, 0, 0.2500321418863029, 0, 0.24993464122004833], "lineitem#l_shipmode": [0, 0.14285240949146485, 0.14290657652827293, 0, 0.14276297554699957, 0.14282997600483605, 0, 0.14285417617020382, 0.1428470094545646, 0.14294687680365817], "lineitem#l_suppkey": [0.10009751733303511, 0.09995954972358978, 0.09999941666268053, 0.0999556496969396, 0.09994211627112785, 0.09994148293346672, 0.10002245015340938, 0.10005981707541668, 0.09999284995114133, 0.10002915019919303], "lineitem#l_tax": [0, 0.1110846590785037, 0.11102935870061778, 0.11105405886940227, 0.11112882604697799, 0.11121052660526513, 0.11104209212096283, 0.11118182640914713, 0.11112365934500552, 0.11114499282411763], "nation#n_comment": [0.08, 0.12, 0.08, 0.12, 0.08, 0.12, 0.08, 0.12, 0.08, 0.12], "nation#n_name": [0.08, 0.12, 0.08, 0.12, 0.08, 0.12, 0.08, 0.12, 0.08, 0.12], "nation#n_nationkey": [0.08, 0.12, 0.08, 0.12, 0.08, 0.12, 0.08, 0.12, 0.08, 0.12], "nation#n_regionkey": [0, 0.2, 0, 0.2, 0, 0.2, 0, 0.2, 0, 0.2], "orders#o_clerk": [0.09985333333333334, 0.10012373333333334, 0.10000093333333333, 0.10005706666666667, 0.100014, 0.099756, 0.10006973333333333, 0.10002306666666666, 0.09998373333333334, 0.1001184], "orders#o_comment": [0.1004564, 0.1003224, 0.09952586666666667, 0.10026293333333333, 0.099724, 0.09973226666666667, 0.10019266666666667, 0.10019373333333334, 0.09971013333333334, 0.0998796], "orders#o_custkey": [0.09994013333333333, 0.10022173333333333, 0.09996773333333334, 0.09991106666666667, 0.10003813333333333, 0.0998624, 0.1001188, 0.1000456, 0.0999336, 0.0999608], "orders#o_orderdate": [0.09963813333333334, 0.10026706666666667, 0.09978533333333334, 0.1001744, 0.10020093333333334, 0.09952386666666667, 0.10023346666666667, 0.0997516, 0.10012626666666667, 0.10029893333333334], "orders#o_orderkey": [0.1, 0.1, 0.1, 0.1, 0.1, 0.1, 0.1, 0.1, 0.1, 0.1], "orders#o_orderpriority": [0, 0.20014666666666667, 0, 0.19989226666666668, 0, 0.199828, 0, 0.2001708, 0, 0.19996226666666667], "orders#o_orderstatus": [0, 0, 0, 0.4872668, 0, 0, 0.48724133333333336, 0, 0, 0.025491866666666668], "orders#o_shippriority": [0, 0, 0, 0, 0, 0, 0, 0, 0, 1.0], "orders#o_totalprice": [0.0987396, 0.10255306666666666, 0.10256466666666667, 0.10197413333333333, 0.10209813333333333, 0.1017968, 0.10104626666666666, 0.09965573333333333, 0.09700453333333334, 0.09256706666666667], "part#p_brand": [0.080112, 0.119819, 0.079979, 0.119627, 0.079783, 0.120784, 0.079981, 0.120324, 0.079923, 0.119668], "part#p_comment": [0.103372, 0.102712, 0.096307, 0.098423, 0.09733, 0.09756, 0.105503, 0.102389, 0.094967, 0.101437], "part#p_container": [0.100235, 0.100139, 0.099328, 0.100382, 0.100022, 0.100071, 0.099623, 0.100279, 0.100038, 0.099883], "part#p_mfgr": [0, 0.199931, 0, 0.199606, 0, 0.200567, 0, 0.200305, 0, 0.199591], "part#p_name": [0.1, 0.1, 0.100002, 0.099998, 0.100003, 0.100002, 0.099999, 0.099999, 0.099998, 0.099999], "part#p_partkey": [0.1, 0.1, 0.1, 0.1, 0.1, 0.1, 0.1, 0.1, 0.1, 0.1], "part#p_retailprice": [0.087054, 0.103474, 0.103152, 0.103185, 0.103235, 0.103235, 0.103143, 0.103052, 0.103485, 0.086985], "part#p_size": [0.099838, 0.100555, 0.099718, 0.099823, 0.10016, 0.099897, 0.100204, 0.10014, 0.099774, 0.099891], "part#p_type": [0.10018, 0.100586, 0.099671, 0.099625, 0.100072, 0.09984, 0.100384, 0.100018, 0.099617, 0.100007], "partsupp#ps_availqty": [0.09965875, 0.09996175, 0.09994525, 0.1001085, 0.1002325, 0.0998035, 0.100031, 0.09999425, 0.1000415, 0.100223], "partsupp#ps_comment": [0.10001825, 0.09999225, 0.0999955, 0.10000675, 0.09999675, 0.1000165, 0.09999175, 0.09998575, 0.1000055, 0.099991], "partsupp#ps_partkey": [0.1, 0.1, 0.1, 0.1, 0.1, 0.1, 0.1, 0.1, 0.1, 0.1], "partsupp#ps_suppkey": [0.1, 0.1, 0.1, 0.1, 0.1, 0.1, 0.1, 0.1, 0.1, 0.1], "partsupp#ps_supplycost": [0.09997275, 0.0999715, 0.10007725, 0.10001375, 0.0999335, 0.09999025, 0.099792, 0.10011625, 0.100034, 0.10009875], "region#r_comment": [0, 0.2, 0, 0.2, 0, 0.2, 0, 0.2, 0, 0.2], "region#r_name": [0, 0.2, 0, 0.2, 0, 0.2, 0, 0.2, 0, 0.2], "region#r_regionkey": [0, 0.2, 0, 0.2, 0, 0.2, 0, 0.2, 0, 0.2], "supplier#s_acctbal": [0.09988, 0.09982, 0.09992, 0.10034, 0.10042, 0.09994, 0.0999, 0.09988, 0.0998, 0.1001], "supplier#s_address": [0.1, 0.1, 0.1, 0.1, 0.1, 0.1, 0.1, 0.1, 0.1, 0.1],