{"customer#c_balance": [0, 0, 0, 0, 0, 0, 0, 0, 0, 1.0], "customer#c_city": [0.1, 0.1, 0.1, 0.1, 0.1, 0.1, 0.1, 0.1, 0.1, 0.1], "customer#c_credit": [0, 0, 0, 0, 0.09663333333333333, 0, 0, 0, 0, 0.9033666666666667], "customer#c_credit_lim": [0, 0, 0, 0, 0, 0, 0, 0, 0, 1.0], "customer#c_d_id": [0.1, 0.1, 0.1, 0.1, 0.1, 0.1, 0.1, 0.1, 0.1, 0.1], "customer#c_data": [0.1, 0.1, 0.1, 0.1, 0.1, 0.1, 0.1, 0.1, 0.1, 0.1], "customer#c_delivery_cnt": [0, 0, 0, 0, 0, 0, 0, 0, 0, 1.0], "customer#c_discount": [0.09883333333333333, 0.10173333333333333, 0.10173333333333333, 0.0971, 0.1028, 0.10133333333333333, 0.09636666666666667, 0.10033333333333333, 0.1008, 0.09896666666666666], "customer#c_first": [0.1, 0.1, 0.1, 0.1, 0.1, 0.1, 0.1, 0.1, 0.1, 0.1], "customer#c_id": [0.1, 0.1, 0.1, 0.1, 0.1, 0.1, 0.1, 0.1, 0.1, 0.1], "customer#c_last": [0.07466666666666667, 0.14063333333333333, 0.09116666666666666, 0.07643333333333334, 0.076, 0.1139, 0.0804, 0.1386, 0.09996666666666666, 0.10823333333333333], "customer#c_middle": [0, 0, 0, 0, 0, 0, 0, 0, 0, 1.0], "customer#c_payment_cnt": [0, 0, 0, 0, 0, 0, 0, 0, 0, 1.0], "customer#c_phone": [0.1, 0.1, 0.1, 0.1, 0.1, 0.1, 0.1, 0.1, 0.1, 0.1], "customer#c_since": [0.08426666666666667, 0.0936, 0.09913333333333334, 0.0938, 0.09513333333333333, 0.10393333333333334, 0.10853333333333333, 0.1071, 0.10863333333333333, 0.10586666666666666], "customer#c_state": [0.10023333333333333, 0.09673333333333334, 0.09923333333333334, 0.10046666666666666, 0.1034, 0.09936666666666667, 0.09933333333333333, 0.0976, 0.1019, 0.10173333333333333], "customer#c_street_1": [0.1, 0.1, 0.1, 0.1, 0.1, 0.1, 0.1, 0.1, 0.1, 0.1], "customer#c_street_2": [0.1, 0.1, 0.1, 0.1, 0.1, 0.1, 0.1, 0.1, 0.1, 0.1], "customer#c_w_id": [0, 0, 0, 0, 0, 0, 0, 0, 0, 1.0], "customer#c_ytd_payment": [0, 0, 0, 0, 0, 0, 0, 0, 0, 1.0], "customer#c_zip": [0.1041, 0.0996, 0.0987, 0.1027, 0.0985, 0.097, 0.10053333333333334, 0.09783333333333333, 0.0995, 0.10153333333333334], "district#d_city": [0.1, 0.1, 0.1, 0.1, 0.1, 0.1, 0.1, 0.1, 0.1, 0.1], "district#d_id": [0.1, 0.1, 0.1, 0.1, 0.1, 0.1, 0.1, 0.1, 0.1, 0.1], "district#d_name": [0.1, 0.1, 0.1, 0.1, 0.1, 0.1, 0.1, 0.1, 0.1, 0.1], "district#d_next_o_id": [0, 0, 0, 0, 0, 0, 0, 0, 0, 1.0], "district#d_state": [0.1, 0.1, 0.1, 0.1, 0.1, 0.1, 0.1, 0.1, 0.1, 0.1], "district#d_street_1": [0.1, 0.1, 0.1, 0.1, 0.1, 0.1, 0.1, 0.1, 0.1, 0.1], "district#d_street_2": [0.1, 0.1, 0.1, 0.1, 0.1, 0.1, 0.1, 0.1, 0.1, 0.1], "district#d_tax": [0.1, 0.1, 0.1, 0.1, 0.1, 0.1, 0.1, 0.1, 0.1, 0.1], "district#d_w_id": [0, 0, 0, 0, 0, 0, 0, 0, 0, 1.0], "district#d_ytd": [0, 0, 0, 0, 0, 0, 0, 0, 0, 1.0], "district#d_zip": [0, 0, 0, 0, 0, 0, 0, 0, 0, 1.0], "history#h_amount": [0, 0, 0, 0, 0, 0, 0, 0, 0, 1.0], "history#h_c_d_id": [0.1, 0.1, 0.1, 0.1, 0.1, 0.1, 0.1, 0.1, 0.1, 0.1], "history#h_c_id": [0.1, 0.1, 0.1, 0.1, 0.1, 0.1, 0.1, 0.1, 0.1, 0.1], "history#h_c_w_id": [0, 0, 0, 0, 0, 0, 0, 0, 0, 1.0], "history#h_d_id": [0.1, 0.1, 0.1, 0.1, 0.1, 0.1, 0.1, 0.1, 0.1, 0.1], "history#h_data": [0.1, 0.1, 0.1, 0.1, 0.1, 0.1, 0.1, 0.1, 0.1, 0.1], "history#h_date": [0.08533333333333333, 0.09696666666666667, 0.10126666666666667, 0.0919, 0.10243333333333333, 0.11303333333333333, 0.1088, 0.1054, 0.09513333333333333, 0.09973333333333333], "history#h_w_id": [0, 0, 0, 0, 0, 0, 0, 0, 0, 1.0], "item#i_data": [0.1, 0.1, 0.1, 0.1, 0.1, 0.1, 0.1, 0.1, 0.1, 0.1], "item#i_id": [0.1, 0.1, 0.1, 0.1, 0.1, 0.1, 0.1, 0.1, 0.1, 0.1], "item#i_im_id": [0.09958, 0.09985, 0.10064, 0.09888, 0.10064, 0.10091, 0.10144, 0.09985, 0.09952, 0.09869], "item#i_name": [0.1, 0.1, 0.1, 0.1, 0.1, 0.1, 0.1, 0.1, 0.1, 0.1], "item#i_price": [0.09904, 0.10121, 0.09928, 0.09816, 0.10072, 0.10058, 0.10006, 0.1013, 0.09929, 0.10036], "nation#n_comment": [0.0967741935483871, 0.0967741935483871, 0.0967741935483871, 0.0967741935483871, 0.11290322580645161, 0.0967741935483871, 0.0967741935483871, 0.0967741935483871, 0.0967741935483871, 0.11290322580645161], "nation#n_name": [0.0967741935483871, 0.0967741935483871, 0.0967741935483871, 0.0967741935483871, 0.11290322580645161, 0.0967741935483871, 0.0967741935483871, 0.0967741935483871, 0.0967741935483871, 0.11290322580645161], "nation#n_nationkey": [0.0967741935483871, 0.0967741935483871, 0.0967741935483871, 0.0967741935483871, 0.11290322580645161, 0.0967741935483871, 0.0967741935483871, 0.0967741935483871, 0.0967741935483871, 0.11290322580645161], "nation#n_regionkey": [0, 0.22580645161290322, 0, 0.20967741935483872, 0, 0.14516129032258066, 0, 0.06451612903225806, 0, 0.3548387096774194], "new_order#no_d_id": [0.1, 0.1, 0.1, 0.1, 0.1, 0.1, 0.1, 0.1, 0.1, 0.1], "new_order#no_o_id": [0.1, 0.1, 0.1, 0.1, 0.1, 0.1, 0.1, 0.1, 0.1, 0.1], "new_order#no_w_id": [0, 0, 0, 0, 0, 0, 0, 0, 0, 1.0], "oorder#o_all_local": [0, 0, 0, 0, 0, 0, 0, 0, 0, 1.0], "oorder#o_c_id": [0.1, 0.1, 0.1, 0.1, 0.1, 0.1, 0.1, 0.1, 0.1, 0.1], "oorder#o_carrier_id": [0.0678, 0.0715, 0.0699, 0.07143333333333333, 0.0703, 0.06963333333333334, 0.0699, 0.0692, 0.07103333333333334, 0.0693], "oorder#o_d_id": [0.1, 0.1, 0.1, 0.1, 0.1, 0.1, 0.1, 0.1, 0.1, 0.1], "oorder#o_entry_d": [0.0894, 0.08126666666666667, 0.1024, 0.09813333333333334, 0.1024, 0.09386666666666667, 0.09386666666666667, 0.11556666666666666, 0.11056666666666666, 0.11253333333333333], "oorder#o_id": [0.1, 0.1, 0.1, 0.1, 0.1, 0.1, 0.1, 0.1, 0.1, 0.1], "oorder#o_ol_cnt": [0.08896666666666667, 0.08903333333333334, 0.09253333333333333, 0.09483333333333334, 0.09193333333333334, 0.09043333333333334, 0.09, 0.08906666666666667, 0.0905, 0.1827], "oorder#o_w_id": [0, 0, 0, 0, 0, 0, 0, 0, 0, 1.0], "order_line#ol_amount": [0.7295460605252633, 0.02999600053326223, 0.02997933608852153, 0.030055992534328755, 0.03008932142381016, 0.030045993867484334, 0.030055992534328755, 0.030072656979069457, 0.030082655645913878, 0.030075989868017596], "order_line#ol_d_id": [0.10022996933742168, 0.09975669910678577, 0.0999333422210372, 0.0994700706572457, 0.10023330222636982, 0.0990901213171577, 0.10046660445273964, 0.10020330622583655, 0.10086988401546461, 0.09974670043994134], "order_line#ol_delivery_d": [0.05929876016531129, 0.06008865484602053, 0.07035061991734436, 0.06872750299960005, 0.07404679376083188, 0.07386015197973604, 0.07145047327023063, 0.07423343554192774, 0.07411678442874284, 0.07329689374750033], "order_line#ol_dist_info": [0.1, 0.1, 0.1, 0.1, 0.1, 0.1, 0.1, 0.1, 0.1, 0.1], "order_line#ol_i_id": [0.10009332089054793, 0.09972670310625249, 0.09965671243834155, 0.09970003999466738, 0.10001666444474071, 0.10022996933742168, 0.09981335821890415, 0.09996000533262232, 0.10046993734168777, 0.10033328889481402], "order_line#ol_number": [0.09998666844420744, 0.19997333688841487, 0.09998666844420744, 0.19107785628582855, 0.08218904146113852, 0.13639181442474338, 0.054262764964671376, 0.0814424743367551, 0.02731635781895747, 0.027373016931075855], "order_line#ol_o_id": [0.09949006799093454, 0.09988334888681509, 0.10164311425143314, 0.10099986668444208, 0.09828356219170777, 0.09861351819757366, 0.10055659245433943, 0.10219637381682442, 0.09971670443940808, 0.0986168510865218], "order_line#ol_quantity": [0, 0, 0, 0, 0, 0, 0, 0, 0, 1.0], "order_line#ol_supply_w_id": [0, 0, 0, 0, 0, 0, 0, 0, 0, 1.0], "order_line#ol_w_id": [0, 0, 0, 0, 0, 0, 0, 0, 0, 1.0], "region#r_comment": [0, 0.2, 0, 0.2, 0, 0.2, 0, 0.2, 0, 0.2], "region#r_name": [0, 0.2, 0, 0.2, 0, 0.2, 0, 0.2, 0, 0.2], "region#r_regionkey": [0, 0.2, 0, 0.2, 0, 0.2, 0, 0.2, 0, 0.2], "stock#s_data": [0.1, 0.1, 0.1, 0.1, 0.1, 0.1, 0.1, 0.1, 0.1, 0.1], "stock#s_dist_01": [0.1, 0.1, 0.1, 0.1, 0.1, 0.1, 0.1, 0.1, 0.1, 0.1], "stock#s_dist_02": [0.1, 0.1, 0.1, 0.1, 0.1, 0.1, 0.1, 0.1, 0.1, 0.1], "stock#s_dist_03": [0.1, 0.1, 0.1, 0.1, 0.1, 0.1, 0.1, 0.1, 0.1, 0.1], "stock#s_dist_04": [0.1, 0.1, 0.1, 0.1, 0.1, 0.1, 0.1, 0.1, 0.1, 0.1], "stock#s_dist_05": [0.1, 0.1, 0.1, 0.1, 0.1, 0.1, 0.1, 0.1, 0.1, 0.1], "stock#s_dist_06": [0.1, 0.1, 0.1, 0.1, 0.1, 0.1, 0.1, 0.1, 0.1, 0.1],