{"customer#c_balance": 3.3333333333333335e-05, "customer#c_city": 1.0, "customer#c_credit": 6.666666666666667e-05, "customer#c_credit_lim": 3.3333333333333335e-05, "customer#c_d_id": 0.0003333333333333333, "customer#c_data": 1.0, "customer#c_delivery_cnt": 3.3333333333333335e-05, "customer#c_discount": 0.16623333, "customer#c_first": 1.0, "customer#c_id": 0.1, "customer#c_last": 0.03333333333333333, "customer#c_middle": 3.3333333333333335e-05, "customer#c_payment_cnt": 3.3333333333333335e-05, "customer#c_phone": 1.0, "customer#c_since": 0.03903333333333334, "customer#c_state": 0.022533333333333332, "customer#c_street_1": 1.0, "customer#c_street_2": 1.0, "customer#c_w_id": 3.3333333333333335e-05, "customer#c_ytd_payment": 3.3333333333333335e-05, "customer#c_zip": 0.31796667, "district#d_city": 1.0, "district#d_id": 1.0, "district#d_name": 1.0, "district#d_next_o_id": 0.1, "district#d_state": 1.0, "district#d_street_1": 1.0, "district#d_street_2": 1.0, "district#d_tax": 1.0, "district#d_w_id": 0.1, "district#d_ytd": 0.1, "district#d_zip": 0.1, "history#h_amount": 3.3333333333333335e-05, "history#h_c_d_id": 0.0003333333333333333, "history#h_c_id": 0.1, "history#h_c_w_id": 3.3333333333333335e-05, "history#h_d_id": 0.0003333333333333333, "history#h_data": 1.0, "history#h_date": 0.013033333333333333, "history#h_w_id": 3.3333333333333335e-05, "item#i_data": 1.0, "item#i_id": 1.0, "item#i_im_id": 0.09816, "item#i_name": 1.0, "item#i_price": 0.09739, "nation#n_comment": 1.0, "nation#n_name": 1.0, "nation#n_nationkey": 1.0, "nation#n_regionkey": 0.08064516129032258, "new_order#no_d_id": 0.0011111111111111111, "new_order#no_o_id": 0.1, "new_order#no_w_id": 0.00011111111111111112, "oorder#o_all_local": 3.3333333333333335e-05, "oorder#o_c_id": 0.1, "oorder#o_carrier_id": 0.0003333333333333333, "oorder#o_d_id": 0.0003333333333333333, "oorder#o_entry_d": 0.0126, "oorder#o_id": 0.1, "oorder#o_ol_cnt": 0.00036666666666666667, "oorder#o_w_id": 3.3333333333333335e-05, "order_line#ol_amount": 0.04099786695107319, "order_line#ol_d_id": 3.332888948140248e-05, "order_line#ol_delivery_d": 0.008098920143980802, "order_line#ol_dist_info": 1.0, "order_line#ol_i_id": 0.2614218, "order_line#ol_number": 4.999333422210372e-05, "order_line#ol_o_id": 0.009998666844420743, "order_line#ol_quantity": 3.332888948140248e-06, "order_line#ol_supply_w_id": 3.332888948140248e-06, "order_line#ol_w_id": 3.332888948140248e-06, "region#r_comment": 1.0, "region#r_name": 1.0, "region#r_regionkey": 1.0, "stock#s_data": 1.0, "stock#s_dist_01": 1.0, "stock#s_dist_02": 1.0, "stock#s_dist_03": 1.0, "stock#s_dist_04": 1.0, "stock#s_dist_05": 1.0, "stock#s_dist_06": 1.0, "stock#s_dist_07": 1.0, "stock#s_dist_08": 1.0, "stock#s_dist_09": 1.0, "stock#s_dist_10": 1.0, "stock#s_i_id": 1.0, "stock#s_order_cnt": 1e-05, "stock#s_quantity": 0.00091, "stock#s_remote_cnt": 1e-05, "stock#s_w_id": 1e-05, "stock#s_ytd": 1e-05, "supplier#su_acctbal": 0.9998, "supplier#su_address": 1.0, "supplier#su_comment": 1.0, "supplier#su_name": 1.0, "supplier#su_nationkey": 0.0062, "supplier#su_phone": 1.0, "supplier#su_suppkey": 1.0, "warehouse#w_city": 1.0, "warehouse#w_id": 1.0, "warehouse#w_name": 1.0, "warehouse#w_state": 1.0, "warehouse#w_street_1": 1.0, "warehouse#w_street_2": 1.0, "warehouse#w_tax": 1.0, "warehouse#w_ytd": 1.0, "warehouse#w_zip": 1.0}