{"date_dim#d_date_sk": 1.0, "date_dim#d_date_id": 1.0, "date_dim#d_date": 1.0, "date_dim#d_month_seq": 0.032854659201357994, "date_dim#d_week_seq": 0.14272611, "date_dim#d_quarter_seq": 0.01096524250845323, "date_dim#d_year": 0.0027378882667798326, "date_dim#d_dow": 9.582608933729414e-05, "date_dim#d_moy": 0.00016427329600678995, "date_dim#d_dom": 0.00042437268135087406, "date_dim#d_qoy": 5.475776533559665e-05, "date_dim#d_fy_year": 0.0027378882667798326, "date_dim#d_fy_quarter_seq": 0.01096524250845323, "date_dim#d_fy_week_seq": 0.14272611, "date_dim#d_day_name": 9.582608933729414e-05, "date_dim#d_quarter_name": 0.01095155306711933, "date_dim#d_holiday": 2.7378882667798326e-05, "date_dim#d_weekend": 2.7378882667798326e-05, "date_dim#d_following_holiday": 2.7378882667798326e-05, "date_dim#d_first_dom": 0.032854659201357994, "date_dim#d_last_dom": 0.032854659201357994, "date_dim#d_same_day_ly": 0.9987132, "date_dim#d_same_day_lq": 0.9919232, "date_dim#d_current_day": 1.3689441333899163e-05, "date_dim#d_current_week": 1.3689441333899163e-05, "date_dim#d_current_month": 2.7378882667798326e-05, "date_dim#d_current_quarter": 2.7378882667798326e-05, "date_dim#d_current_year": 2.7378882667798326e-05, "dbgen_version#dv_version": 1.0, "dbgen_version#dv_create_date": 1.0, "dbgen_version#dv_create_time": 1.0, "dbgen_version#dv_cmdline_args": 1.0, "item#i_item_sk": 1.0, "item#i_item_id": 0.5, "item#i_rec_start_date": 0.00022222222222222223, "item#i_rec_end_date": 0.00016666666666666666, "item#i_item_desc": 0.7473889, "item#i_current_price": 0.14933333, "item#i_wholesale_cost": 0.11333334, "item#i_brand_id": 0.05266666666666667, "item#i_brand": 0.03955555555555555, "item#i_class_id": 0.0008888888888888889, "item#i_class": 0.0055, "item#i_category_id": 0.0005555555555555556, "item#i_category": 0.0005555555555555556, "item#i_manufact_id": 0.05522222222222222, "item#i_manufact": 0.05494444444444444, "item#i_size": 0.00038888888888888887, "item#i_formulation": 0.74983335, "item#i_color": 0.005111111111111111, "item#i_units": 0.0011666666666666668, "item#i_container": 5.555555555555556e-05, "item#i_manager_id": 0.005555555555555556, "item#i_product_name": 0.998, "reason#r_reason_sk": 1.0, "reason#r_reason_id": 1.0, "reason#r_reason_desc": 0.9714286, "customer_address#ca_address_sk": 1.0, "customer_address#ca_address_id": 1.0, "customer_address#ca_street_number": 0.02, "customer_address#ca_street_name": 0.12298, "customer_address#ca_street_type": 0.0004, "customer_address#ca_suite_number": 0.0015, "customer_address#ca_city": 0.01192, "customer_address#ca_county": 0.03692, "customer_address#ca_state": 0.00102, "customer_address#ca_zip": 0.06378, "customer_address#ca_country": 2e-05, "customer_address#ca_gmt_offset": 0.00012, "customer_address#ca_location_type": 6e-05, "customer_demographics#cd_demo_sk": 1.0, "customer_demographics#cd_gender": 1.0412328196584756e-06, "customer_demographics#cd_marital_status": 2.603082049146189e-06, "customer_demographics#cd_education_status": 3.644314868804665e-06, "customer_demographics#cd_purchase_estimate": 1.0412328196584756e-05, "customer_demographics#cd_credit_rating": 2.082465639316951e-06, "customer_demographics#cd_dep_count": 3.644314868804665e-06, "customer_demographics#cd_dep_employed_count": 3.644314868804665e-06, "customer_demographics#cd_dep_college_count": 3.644314868804665e-06, "customer#c_customer_sk": 1.0, "customer#c_customer_id": 1.0, "customer#c_current_cdemo_sk": 0.92465, "customer#c_current_hdemo_sk": 0.07155, "customer#c_current_addr_sk": 0.36371, "customer#c_first_shipto_date_sk": 0.03651, "customer#c_first_sales_date_sk": 0.03651, "customer#c_salutation": 6e-05, "customer#c_first_name": 0.02971, "customer#c_last_name": 0.04454, "customer#c_preferred_cust_flag": 2e-05, "customer#c_birth_day": 0.00031, "customer#c_birth_month": 0.00012, "customer#c_birth_year": 0.00069, "customer#c_birth_country": 0.00211, "customer#c_login": 0.0, "customer#c_email_address": 0.9654, "customer#c_last_review_date_sk": 0.00366, "household_demographics#hd_demo_sk": 1.0, "household_demographics#hd_income_band_sk": 0.002777777777777778, "household_demographics#hd_buy_potential": 0.0008333333333333334, "household_demographics#hd_dep_count": 0.001388888888888889, "household_demographics#hd_vehicle_count": 0.0008333333333333334, "time_dim#t_time_sk": 1.0, "time_dim#t_time_id": 1.0, "time_dim#t_time": 1.0, "time_dim#t_hour": 0.0002777777777777778, "time_dim#t_minute": 0.0006944444444444445, "time_dim#t_second": 0.0006944444444444445, "time_dim#t_am_pm": 2.3148148148148147e-05, "time_dim#t_shift": 3.472222222222222e-05, "time_dim#t_sub_shift": 4.6296296296296294e-05, "time_dim#t_meal_time": 3.472222222222222e-05, "ship_mode#sm_ship_mode_sk": 1.0, "ship_mode#sm_ship_mode_id": 1.0, "ship_mode#sm_type": 0.3, "ship_mode#sm_code": 0.2, "ship_mode#sm_carrier": 1.0, "ship_mode#sm_contract": 1.0, "warehouse#w_warehouse_sk": 1.0, "warehouse#w_warehouse_id": 1.0, "warehouse#w_warehouse_name": 0.8, "warehouse#w_warehouse_sq_ft": 0.8, "warehouse#w_street_number": 0.8, "warehouse#w_street_name": 0.8, "warehouse#w_street_type": 0.8, "warehouse#w_suite_number": 0.8, "warehouse#w_city": 0.2, "warehouse#w_county": 0.2, "warehouse#w_state": 0.2, "warehouse#w_zip": 0.2, "warehouse#w_country": 0.2, "warehouse#w_gmt_offset": 0.2, "promotion#p_promo_sk": 1.0, "promotion#p_promo_id": 1.0, "promotion#p_start_date_sk": 0.85, "promotion#p_end_date_sk": 0.83, "promotion#p_item_sk": 0.97, "promotion#p_cost": 0.0033333333333333335, "promotion#p_response_target": 0.0033333333333333335, "promotion#p_promo_name": 0.03333333333333333, "promotion#p_channel_dmail": 0.006666666666666667, "promotion#p_channel_email": 0.0033333333333333335, "promotion#p_channel_catalog": 0.0033333333333333335, "promotion#p_channel_tv": 0.0033333333333333335, "promotion#p_channel_radio": 0.0033333333333333335, "promotion#p_channel_press": 0.0033333333333333335, "promotion#p_channel_event": 0.0033333333333333335, "promotion#p_channel_demo": 0.0033333333333333335, "promotion#p_channel_details": 0.99333334, "promotion#p_purpose": 0.0033333333333333335, "promotion#p_discount_active": 0.0033333333333333335, "income_band#ib_income_band_sk": 1.0, "income_band#ib_lower_bound": 1.0, "income_band#ib_upper_bound": 1.0, "store#s_store_sk": 1.0, "store#s_store_id": 0.5, "store#s_rec_start_date": 0.33333334, "store#s_rec_end_date": 0.25, "store#s_closed_date_sk": 0.25, "store#s_store_name": 0.6666667, "store#s_number_employees": 0.75, "store#s_floor_space": 0.8333333, "store#s_hours": 0.16666667, "store#s_manager": 0.5833333, "store#s_market_id": 0.5833333, "store#s_geography_class": 0.08333333333333333, "store#s_market_desc": 0.8333333, "store#s_market_manager": 0.5833333, "store#s_division_id": 0.08333333333333333, "store#s_division_name": 0.08333333333333333, "store#s_company_id": 0.08333333333333333, "store#s_company_name": 0.08333333333333333, "store#s_street_number": 0.75, "store#s_street_name": 1.0, "store#s_street_type": 0.6666667, "store#s_suite_number": 0.9166667, "store#s_city": 0.16666667, "store#s_county": 0.08333333333333333, "store#s_state": 0.08333333333333333, "store#s_zip": 0.16666667, "store#s_country": 0.08333333333333333, "store#s_gmt_offset": 0.08333333333333333, "store#s_tax_precentage": 0.41666666, "store_returns#sr_returned_date_sk": 0.006879664990226563, "store_returns#sr_return_time_sk": 0.1048262, "store_returns#sr_item_sk": 0.0564076879734552, "store_returns#sr_customer_sk": 0.23026358, "store_returns#sr_cdemo_sk": 0.8525428, "store_returns#sr_hdemo_sk": 0.025010955988230138, "store_returns#sr_addr_sk": 0.154469, "store_returns#sr_store_sk": 2.086854900978735e-05, "store_returns#sr_reason_sk": 0.00012173320255709287, "store_returns#sr_ticket_number": 0.47679418, "store_returns#sr_return_quantity": 0.00034780915016312247, "store_returns#sr_return_amt": 0.20415354, "store_returns#sr_return_tax": 0.04279791592757222, "store_returns#sr_return_amt_inc_tax": 0.28113067,